10	102631277	C	T	rs11596235
10	103908421	C	CTT	rs35176048
10	103911351	T	G	rs2488000
10	111090240	C	T	rs11594593
10	125149417	G	A	rs1693628
10	13494086	A	G	rs11258419
10	50302463	T	C	rs2688887
10	63118358	C	G	rs6479877
10	71941246	G	A	rs10762496
10	97014737	G	A	rs147359961
11	108110495	G	C	rs77634556
11	108174268	A	G	rs7129527
11	108217120	G	T	rs228606
11	108306370	T	A	rs611646
11	108435509	C	A	rs10890839
11	108444879	C	T	rs149934734
1	113875583	A	C	rs1217385
11	2836067	G	A	rs234864
11	2837210	G	A	rs2237896
11	33885686	T	G	rs7936114
1	150859632	C	T	rs10305667
1	155670324	C	T	rs41264945
1	156108458	A	G	rs915179
1	156148805	T	C	rs77610347
1	156229590	G	C	rs2758604
1	156232382	A	G	rs1052053
1	156316605	A	G	rs2842863
11	57594337	A	G	rs77928942
11	64195906	T	G	rs2701539
11	78217139	C	CATTA	rs3832723
11	85221621	T	C	rs4283005
1	198838494	A	G	rs12130747
1	202860408	C	G	rs12745135
12	117018606	A	AGCTT	rs10641949
12	121350003	G	A	rs117452140
12	122527099	A	G	rs531577156
12	122547931	C	T	rs61751321
12	12737234	A	T	rs6488549
12	14470370	A	T	rs10846001
12	14500733	T	A	rs7955289
1	226374920	A	C	rs3219104
1	226405440	A	C	rs2695243
12	26420706	G	A	rs12303360
12	26433896	A	G	rs61914392
12	26436837	G	A	rs16930705
12	3128976	A	G	rs34071646
12	3933197	G	T	rs11062924
12	3962735	T	G	rs609018
12	4302517	T	C	rs3217926
1	247876149	C	T	rs3811444
12	51910937	G	A	rs73111522
12	54292096	C	T	rs35979828
12	54298277	A	G	rs6580980
12	6384185	A	G	rs10849448
12	68815509	A	C	rs11177383
12	70766845	G	C	rs1049038030
1	3080038	T	C	rs1569419
1	3180895	C	T	rs74932712
13	28029870	T	C	rs76428106
13	28043571	C	T	rs7318817
13	28066426	G	T	rs9513018
13	28100660	G	A	rs117145034
1	3313405	G	A	rs57323723
13	41007794	C	T	rs9566656
13	41011918	C	A	rs9315801
13	49548545	G	A	rs7996207
13	49691092	C	A	rs9568307
13	49898596	C	T	rs9535403
13	69328244	G	A	rs2593488
13	70662475	T	A	rs670179
1	38674233	T	C	rs16825366
1	38674369	G	A	rs77730739
13	89805805	G	A	rs113327456
14	100654895	CGCGCA	C	rs112570478
14	100676553	G	A	rs730570
14	100678133	G	T	rs117944974
14	100712218	G	A	rs72698718
14	100712378	C	G	rs72698720
14	100721312	C	T	rs72631673
14	100734308	T	C	rs1802710
14	100745942	T	A	rs142390992
14	100745945	C	G	rs180732898
14	35358992	G	A	rs4981287
14	55623554	A	G	rs763073468
1	47236696	T	C	rs2008713
14	79185193	A	G	rs185028293
14	95687428	C	T	rs56111147
14	95687472	CTAA	C	rs59470580
14	95688140	C	T	rs112494872
14	95688558	G	A	rs1743526
14	95711836	G	A	rs2296311
14	95714348	T	G	rs11846938
14	95714358	G	T	rs2887399
14	95718232	G	A	rs72698905
14	95725215	G	A	rs72698908
14	95734576	G	A	rs71415010
14	95735070	A	C	rs145954760
14	95756525	C	G	rs148108880
14	95777496	C	G	rs6575546
15	101690011	G	A	rs117029826
15	30606922	G	A	rs77360803
15	50052479	C	T	rs35829912
15	53328165	G	A	rs56227054
15	66389064	G	T	rs112089092
15	74760154	C	T	rs12903896
1	61080016	C	G	rs1984296
16	15040032	T	G	rs14347
16	47966936	G	A	rs77503782
1	65176643	C	G	rs7535588
16	57508330	G	A	rs140164052
16	57536650	C	T	rs9928663
16	67591894	A	G	rs60626639
16	73050619	C	T	rs62055074
16	81011342	T	C	rs12448368
16	82153114	C	G	rs6420436
16	82166406	C	T	rs12928375
16	87780989	T	C	rs4262954
17	20849194	T	C	rs12452993
17	49711393	G	A	rs34759387
17	4978481	C	G	rs376516
17	49821052	G	A	rs149647068
17	49886068	G	A	rs182943956
17	55022301	AT	A	rs60746470
17	57385980	C	T	rs188761458
17	57386496	C	T	rs80093687
17	58530598	G	A	rs3744111
17	58591688	G	C	rs8072873
17	7167543	G	A	rs116403919
17	7536943	C	A	rs542247559
17	7668434	T	G	rs78378222
17	7725634	C	T	rs746593385
17	7780813	C	T	rs200361856
17	7827723	C	G	rs7406485
17	958293	A	C	rs7221017
18	43978508	C	G	rs2716984
18	44085454	A	G	rs182591272
18	44109807	T	C	rs147458408
18	44127410	GA	G	rs112635418
18	44148256	GA	G	rs34563156
18	44212772	A	G	rs71356446
18	44311014	C	A	rs79635323
18	44338095	A	C	rs185985182
18	44367961	T	G	rs9947029
18	44418346	A	AG	rs370402865
18	44451367	C	A	rs117055584
18	44452891	C	G	rs79720198
18	44461166	T	G	rs72899729
18	44468587	T	A	rs144096182
18	44500755	T	C	rs11082396
18	44510306	G	A	rs72901566
18	44512983	G	A	rs190961322
18	44515607	C	T	rs141733739
18	44518779	C	T	rs4324224
18	44520784	GA	G	rs549763589
18	44543248	C	T	rs78300858
18	44548790	A	G	rs4988714
18	44570901	T	C	rs536489745
18	44571296	C	T	rs8088824
18	44581678	G	T	rs1849209
18	44617198	C	T	rs9960261
18	44642981	T	C	rs528950714
18	44657036	T	G	rs72905543
18	44660004	T	C	rs2614985
18	44725060	A	G	rs533878567
18	44749111	C	A	rs17783459
18	44752406	G	A	rs8096793
18	44902020	A	G	rs11660213
18	63138303	C	T	rs144024445
18	63165832	G	A	rs116855817
18	63167870	G	A	rs189086830
18	63174308	C	A	rs183905249
18	63175577	C	A	rs564646124
18	63253621	C	T	rs17758695
18	63259286	C	T	rs569264064
19	10757583	T	A	rs11668706
19	1079960	G	A	rs36084354
19	19414983	T	C	rs2965185
19	33260443	G	A	rs55737395
19	33260946	G	C	rs12151289
19	48955847	A	G	rs1805419
19	49045604	A	T	rs140747916
20	26008233	C	A	rs143003898
20	26377144	G	A	rs1192156784
20	26377173	G	A	rs1177075054
20	26377233	C	T	rs1316110860
20	26377482	CTT	C	rs1284950461
20	26377497	G	C	rs1157083868
20	26377823	T	C	rs1310396296
20	26378043	GA	G	rs1284689528
20	26378084	G	A	rs1172259845
20	26378155	A	T	rs1257089966
20	26378824	G	A	rs1436673179
20	26378939	T	C	rs35244003
20	26379164	C	T	rs1309729443
20	26379211	G	A	rs1269858672
20	26379416	A	T	rs1169660555
20	26379549	C	A	rs1355956737
20	26379555	G	C	rs1480758041
20	26379725	G	C	rs1176413346
20	26379957	T	C	rs1256716623
20	26380086	C	G	rs1331784588
20	26380264	A	G	rs1293414138
20	26380287	AG	A	rs1271427448
20	26380374	T	A	rs1158804375
20	26380722	A	G	rs1464815034
20	26380759	C	T	rs1478632639
20	26380846	G	A	rs1207962793
20	26380998	T	C	rs1220859785
20	26381202	C	A	rs1234376566
20	26381257	C	A	rs1313485081
20	26381258	T	C	rs1289130236
20	26381468	A	AT	rs1216357241
20	26381649	A	T	rs1333265905
20	26381777	G	A	rs1488586408
20	26382837	A	G	rs1252405689
20	26382860	G	A	rs1314330321
20	26382864	T	A	rs1436781660
20	26382912	C	G	rs1206746532
20	26383153	C	T	rs1400572063
20	26383251	C	A	rs1288416278
20	26383274	C	T	rs1398001417
20	26383347	A	T	rs1225062879
20	26383355	T	G	rs1403396949
20	26383416	T	A	rs1486577890
20	26383532	T	A	rs1478459934
20	26383544	G	C	rs1465013302
20	26383667	T	C	rs1187333206
20	26383885	C	T	rs1433248118
20	26383929	C	T	rs1194163834
20	26383969	T	C	rs1206202576
20	26383995	C	T	rs1227806486
20	26384034	T	A	rs1236887721
20	26384245	C	A	rs1427576271
20	26384285	C	T	rs1210192198
20	26384420	A	C	rs1389813477
20	26385337	G	A	rs1230724981
20	26385435	T	A	rs1249837607
20	26385472	G	A	rs1282069910
20	26385714	A	C	rs1490602464
20	30138984	G	C	rs1356505950
20	30148577	T	C	rs1259063788
20	30174595	T	C	rs1325386886
20	30174662	T	A	rs1397474816
20	30175261	C	T	rs1432856086
20	30176364	A	C	rs1351344403
20	30183171	G	T	rs1292186652
20	30190292	T	TAC	rs201315554
20	30195328	C	T	rs142276786
20	30197293	T	G	rs187825710
20	30202131	G	A	rs13045754
20	30202986	G	A	rs575439586
20	30209209	T	C	rs193273146
20	30212737	C	A	rs534480555
20	30212794	C	A	rs11906889
20	30224121	C	T	rs2379811
20	30226530	C	CAGGT	rs534147269
20	30236345	G	A	rs73904598
20	30239131	C	T	rs8114942
20	30250264	C	CT	rs150566640
20	30250737	A	G	rs563338884
20	30262446	C	T	rs189071820
20	30262586	CAA	C	rs201563063
20	30272360	C	T	rs565353240
20	30272628	C	T	rs60371921
20	30272658	A	T	rs867165256
20	30273656	T	C	rs141960359
20	30273694	A	G	rs73608575
20	30273706	TA	T	rs561351108
20	30273726	G	A	rs184599251
20	30274448	G	T	rs143211659
20	30275406	C	T	rs577870286
20	30275651	G	T	rs151053567
20	30276299	T	G	rs115104174
20	30276991	A	G	rs146264151
20	30277211	G	A	rs139319739
20	30277264	C	T	rs149919912
20	30277678	C	A	rs542996448
20	30277798	A	G	rs58906658
20	30279440	T	G	rs562376862
20	30279553	C	T	rs372519594
20	30280470	G	A	rs138559568
20	30280729	C	G	rs11908362
20	30280966	G	A	rs141237021
20	30281148	C	T	rs140030904
20	30281590	C	T	rs115976500
20	30281928	A	C	rs555008699
20	30282008	T	C	rs556223229
20	30283367	G	A	rs537295430
20	30283437	C	T	rs535836547
20	30284435	G	T	rs114062365
20	30284820	G	A	rs148920360
20	30285602	G	A	rs146494422
20	30285657	G	C	rs146804884
20	30286217	C	T	rs115966233
20	30287663	C	T	rs573818087
20	30287664	C	G	rs151043354
20	30287759	C	T	rs187863078
20	30288559	C	T	rs147945447
20	30288644	C	A	rs114508557
20	30289975	AG	A	rs140126304
20	30290397	C	T	rs73906319
20	30291127	C	A	rs889803235
20	30291147	G	C	rs528179315
20	30291290	A	G	rs141712933
20	30291355	A	G	rs140861358
20	30291740	C	T	rs190477246
20	30292031	C	T	rs188373301
20	30292328	C	T	rs6118982
20	30292360	C	T	rs1328145087
20	30292534	C	T	rs140939912
20	30293102	C	G	rs186804262
20	30293233	C	A	rs144076871
20	30293309	G	A	rs6118985
20	30293794	T	A	rs116571201
20	30293795	C	A	rs116082338
20	30293807	T	A	rs565589437
20	30294106	G	T	rs180975335
20	30294613	C	T	rs550498637
20	30294689	G	A	rs186780915
20	30294966	G	C	rs149024746
20	30295105	G	T	rs146994689
20	30295598	C	T	rs553275320
20	30297195	C	T	rs535127864
20	30297623	C	A	rs147360160
20	30298913	G	T	rs114030274
20	30299803	C	G	rs536503009
20	30300255	G	A	rs115901533
20	30301241	A	G	rs547974810
20	30301373	C	T	rs11906898
20	30302482	A	AC	rs568396372
20	30302640	C	T	rs115490882
20	30303336	T	C	rs529307512
20	30303906	G	C	rs558486795
20	30308146	C	T	rs147828882
20	30308249	C	T	rs560302390
20	30308692	G	A	rs199874451
20	30309109	A	G	rs142551946
20	30310306	C	T	rs143541598
20	30310514	G	A	rs190184091
20	30311295	G	A	rs13038797
20	30311724	C	T	rs192463306
20	30312472	T	C	rs186395202
20	30313554	C	T	rs140791807
20	30313633	A	T	rs146668337
20	30314189	G	T	rs3874109
20	30316680	C	T	rs115427556
20	30317981	T	C	rs553726282
20	30318275	C	T	rs561518072
20	30318708	A	G	rs562641716
20	30319424	C	T	rs187593031
20	30319647	T	G	rs541056683
20	30319753	C	A	rs147146364
20	30320787	T	C	rs73613195
20	30320789	C	T	rs149214443
20	30320793	T	C	rs529661337
20	30323098	G	C	rs2915652
20	30323109	G	A	rs114886324
20	30323588	G	T	rs181198300
20	30323657	C	G	rs534533152
20	30324427	A	T	rs549026594
20	30324440	C	T	rs114224945
20	30324746	C	T	rs543710223
20	30325924	C	A	rs114672064
20	30326020	A	C	rs3864906
20	30327647	G	A	rs185316525
20	30327819	T	G	rs73616707
20	30329344	G	A	rs142291995
20	30329947	G	A	rs61011082
20	30330797	G	C	rs143868287
20	30333134	G	A	rs867599905
20	30333841	C	T	rs139876810
20	30334076	T	C	rs538231731
20	30334221	T	C	rs182618285
20	30334223	C	A	rs187252593
20	30334620	G	A	rs537888484
20	30336083	G	T	rs181384423
20	30337333	C	T	rs557553686
20	30338858	G	T	rs140175415
20	30339264	G	A	rs11906813
20	30341070	G	A	rs535671597
20	30341676	C	T	rs529144142
20	30344457	C	T	rs146101510
20	30348550	C	T	rs538544484
20	30349266	C	T	rs532512695
20	30350556	A	T	rs58884106
20	30351733	T	G	rs572529135
20	30352441	G	A	rs573038372
20	30352508	T	C	rs529605818
20	30353338	A	C	rs574602002
20	30359821	C	T	rs1049059807
20	30360208	G	A	rs144254338
20	30360643	G	T	rs577438497
20	30360904	C	T	rs534376561
20	30361474	C	T	rs185976725
20	30361644	G	A	rs563369581
20	30361940	G	A	rs543166579
20	30361967	G	A	rs559278724
20	30362218	C	T	rs77460517
20	30364187	C	T	rs569082890
20	30368664	A	G	rs567494765
20	30374157	C	T	rs558054637
20	30376146	G	A	rs79645080
20	30376467	C	G	rs144232187
20	30378252	C	T	rs62197034
20	30378972	A	T	rs537169367
20	30379835	C	T	rs574090571
20	30380679	T	A	rs558854851
20	30395617	G	A	rs187002143
20	30396021	A	G	rs73605239
20	30406729	A	G	rs1031601696
20	30414245	G	A	rs141111248
20	30418023	G	A	rs147072566
20	30420802	C	T	rs1196243708
20	30421831	T	C	rs1404563178
20	30458528	G	C	rs929843727
20	30463301	C	T	rs952905613
20	30463799	A	G	rs1032690480
20	30464202	T	A	rs950161981
20	30465711	A	G	rs911076203
20	30468021	C	T	rs1050327278
20	30468652	C	T	rs1043069819
20	30471827	GCA	G	rs1337757929
20	30472869	G	A	rs1260448401
20	30477586	A	T	rs1373428578
20	30480314	C	T	rs1218372913
20	30480910	G	T	rs1384080809
20	30483704	C	G	rs1254869094
20	30484103	C	T	rs1371588395
20	30485730	C	T	rs1409559955
20	30485759	T	C	rs1434261220
20	30486310	C	T	rs1202144304
20	30487246	A	G	rs1321448467
20	30487668	G	C	rs1224296671
20	30487986	G	GCCT	rs1318098658
20	30490027	G	A	rs1452187143
20	30490299	G	A	rs1429441208
20	30490719	C	T	rs1200542049
20	30494424	A	T	rs1382955787
20	30498236	G	A	rs1387298994
20	30500916	G	A	rs1365809212
20	30502011	A	T	rs1412361981
20	30502058	C	T	rs1230385125
20	30504651	TC	T	rs1223541319
20	30504673	CTTTTCTTT	C	rs1456487697
20	30506393	G	T	rs1437602179
20	30506618	C	T	rs1434878987
20	30508021	A	G	rs1242507942
20	30514052	C	T	rs1423324291
20	30514593	G	T	rs1328295645
20	30514595	C	G	rs1381867268
20	30514874	G	A	rs1241813089
20	30516105	C	A	rs1252069307
20	30516996	G	C	rs1232604495
20	30521587	C	T	rs1364650746
20	30521908	C	T	rs1226234541
20	30522082	A	G	rs1318070859
20	30523764	C	A	rs1257421174
20	30523815	C	T	rs1237281525
20	30523956	C	T	rs1283410033
20	30526420	T	C	rs1348011699
20	30527216	G	A	rs1369043337
20	30528866	C	T	rs1475693546
20	30531262	G	T	rs1468414587
20	30532620	CT	C	rs1192544199
20	30532706	C	G	rs1185117797
20	30534263	A	G	rs1319649978
20	30535028	A	T	rs1413653602
20	30536396	T	A	rs1363976991
20	30539222	G	C	rs1448665415
20	30539685	T	C	rs1400768696
20	30541041	A	G	rs1311530438
20	30543416	G	GT	rs1381634599
20	30543480	T	C	rs1295073377
20	30550544	C	G	rs1249334090
20	30562665	A	G	rs1345767996
20	30565879	T	C	rs1459228113
20	30567984	T	C	rs1418110906
20	30570613	T	C	rs1234212184
20	30573013	A	G	rs1298156227
20	30574587	G	A	rs1474533542
20	30577276	C	T	rs1427834023
20	30577520	G	C	rs1443478450
20	30577798	T	C	rs1421448659
20	30578535	A	G	rs1403648159
20	30581062	C	G	rs1426580793
20	30581781	C	A	rs1215322945
20	30582647	A	G	rs1471752049
20	30583990	A	C	rs1478520943
20	30586668	C	A	rs1465714706
20	30586963	G	C	rs1164816080
20	30587845	TA	T	rs1403928270
20	30588811	G	A	rs1176640190
20	30589345	T	C	rs1311338192
20	30593473	C	T	rs1180097173
20	30593643	G	A	rs1356651215
20	30594217	G	A	rs1353240736
20	30595455	G	A	rs1422376923
20	30597172	G	A	rs1349186437
20	30597514	C	A	rs1358428840
20	30597730	C	T	rs1214565567
20	30597785	C	T	rs1417104619
20	30598453	C	T	rs1417196102
20	30598715	G	T	rs1397822818
20	30598724	TG	T	rs1170165906
20	30598729	G	T	rs1372937772
20	30598952	C	T	rs1285949406
20	30601442	A	AG	rs1222223731
20	30602204	A	G	rs1347043706
20	30602213	A	G	rs1299420822
20	30604135	A	T	rs1455596945
20	30604280	T	A	rs1475980760
20	30605691	C	A	rs910466368
20	30606116	A	T	rs960095175
20	30606659	GC	G	rs1265801197
20	30608385	T	C	rs970789430
20	30609017	A	G	rs1046093310
20	30609182	C	A	rs972439659
20	30609458	G	C	rs889757354
20	30609504	G	T	rs790163
20	30609710	C	G	rs1038354119
20	30610138	G	A	rs1017819646
20	30610912	G	T	rs992411894
20	30615615	G	A	rs1010249490
20	30615995	A	G	rs1006499249
20	30616097	C	T	rs933461291
20	30616255	G	A	rs976664528
20	30616750	C	A	rs1055364969
20	30618670	C	T	rs1371903839
20	30618701	G	A	rs1264411794
20	30619151	G	T	rs1172596946
20	30619274	G	A	rs1320152517
20	30619540	T	C	rs1219159567
20	30619764	TACTACC	T	rs1434208719
20	30620424	C	T	rs1478266151
20	30620614	G	T	rs1423518528
20	30620748	C	T	rs1343206716
20	30621037	C	A	rs1276948954
20	30621290	C	T	rs1161895466
20	30621690	T	C	rs1245598810
20	30621779	G	A	rs1331773179
20	30621876	C	T	rs1490856427
20	30622532	G	A	rs1191673710
20	30622579	T	C	rs1359792553
20	30622723	T	G	rs1357459452
20	30622969	C	T	rs1483960293
20	30623021	G	T	rs1161532105
20	30623579	G	T	rs1315535707
20	30623695	G	A	rs1288380901
20	30624014	A	G	rs1328844296
20	30625104	A	C	rs1161419977
20	30625582	T	A	rs1381908177
20	30625594	T	C	rs1429913817
20	30626007	T	G	rs878994553
20	30626139	G	C	rs1244644574
20	30626152	G	C	rs1296870481
20	30626164	G	A	rs1163124042
20	30626491	T	C	rs1186113354
20	30627032	T	G	rs1448304797
20	30627595	C	T	rs1286627298
20	30627698	A	G	rs1231191835
20	30630666	G	A	rs1314616405
20	30635962	G	A	rs1173898484
20	30637896	C	T	rs1468237343
20	30639176	G	A	rs1190276557
20	30639228	G	A	rs1385326647
20	30639238	C	T	rs34201107
20	30639436	C	A	rs1325150471
20	30639716	C	A	rs1466395047
20	30642744	A	G	rs1194093564
20	30642934	AG	A	rs1386564630
20	30643189	G	A	rs1211747572
20	30644662	G	A	rs1176832616
20	30645027	A	G	rs1230524859
20	30645502	C	T	rs1369416001
20	30646235	C	T	rs1358583564
20	30646410	G	C	rs1325348716
20	30647437	C	A	rs1298057865
20	30650670	C	G	rs1247218136
20	30651389	C	T	rs1447912878
20	30652243	T	A	rs1279245426
20	30652305	G	A	rs1198399645
20	30652399	T	A	rs1381039536
20	30652631	A	T	rs1350961737
20	30654059	T	C	rs1349342815
20	30655876	T	C	rs1196910684
20	30657270	G	C	rs1374031087
20	30658384	C	T	rs1200801983
20	30658418	T	A	rs1301588573
20	30658865	C	A	rs1450842390
20	30660080	T	C	rs1350783136
20	30661012	C	CT	rs1457259455
20	30661340	C	A	rs1181760817
20	30661726	G	A	rs1430047888
20	30667800	C	A	rs1392479370
20	30668183	C	T	rs1350886783
20	30669926	T	A	rs1387493179
20	30669976	G	C	rs1341373375
20	30671090	A	G	rs35017134
20	30672885	C	T	rs1322736920
20	30672990	G	A	rs1387985811
20	30676780	G	A	rs1167034566
20	30677087	C	T	rs1457307663
20	30677527	G	A	rs1439073691
20	30677598	C	T	rs1368803751
20	30678720	A	T	rs1250838590
20	30678808	C	T	rs1233044983
20	30678810	T	C	rs1281644380
20	30679440	T	C	rs1387025829
20	30679551	GATCAAGATAA	G	rs1205811671
20	30680195	A	C	rs1218000657
20	30683920	T	C	rs1473807436
20	30684866	G	A	rs1448310558
20	30685319	T	A	rs1231849173
20	30685350	G	A	rs1465596833
20	30687147	C	G	rs1158740817
20	30687688	AT	A	rs1208511086
20	30688212	C	T	rs1250199127
20	30689288	C	A	rs1280773379
20	30689499	A	G	rs1398535534
20	30689654	G	A	rs1176308425
20	30690136	T	C	rs1296627335
20	30691373	A	C	rs1357042524
20	30693006	G	T	rs1472474985
20	30693100	C	G	rs1264583729
20	30694882	C	T	rs1352775921
20	30696005	T	C	rs1353983526
20	30696835	A	G	rs1294917132
20	30696889	T	C	rs1425217468
20	30697441	T	C	rs1418283190
20	30697478	G	A	rs1299394683
20	30703050	T	C	rs1233503882
20	30703391	C	T	rs1418153687
20	30703645	G	A	rs1256856425
20	30706535	A	G	rs1166435649
20	30707655	C	T	rs1287939101
20	30708644	C	T	rs1345115112
20	30709558	G	A	rs878976681
20	30710369	C	T	rs1162949400
20	31517004	A	G	rs6059740
20	31598370	G	A	rs117384444
20	31671342	A	G	rs7272062
20	31680381	C	T	rs6088962
20	31789970	G	A	rs6089070
20	31851024	T	A	rs149891241
20	32901908	C	G	rs6058950
20	33368662	A	G	rs291675
20	34648892	G	C	rs56238684
20	42308404	T	A	rs6016742
20	50299229	T	C	rs6125971
2	111181515	A	C	rs72837831
21	14990535	A	C	rs2822997
21	30898901	G	A	rs17627872
21	33976984	T	C	rs1034332
21	33984405	G	A	rs2834317
21	34972056	C	T	rs2834708
2	136049794	A	C	rs148825771
2	136102666	G	GT	rs202081231
2	136126891	C	T	rs11679328
2	136136760	C	T	rs555647251
2	136218685	T	C	rs882300
2	136246280	G	A	rs3935076
2	136263693	G	A	rs13034241
21	41478984	C	T	rs9974995
2	159736378	C	T	rs77363656
2	159821048	C	T	rs62175229
2	159834145	G	A	rs78446341
2	159861821	C	G	rs72955755
2	159925824	T	C	rs12472767
2	16090947	G	T	rs28368975
2	16095519	G	T	rs28632134
2	16439169	C	A	rs6753768
2	210020298	C	T	rs7585265
22	28365160	C	T	rs62237617
22	28695868	AG	A	rs555607708
22	28707610	T	C	rs186430430
22	29010231	A	T	rs13054095
22	29020414	C	T	rs145598156
22	29054205	G	A	rs62236881
2	230171013	G	C	rs13010998
2	230341526	T	C	rs777842869
2	230393435	C	T	rs7590429
2	232692333	C	A	rs13024793
22	41990834	C	T	rs138798060
22	49719742	G	A	rs11090997
22	50532618	T	C	rs361725
2	43237679	G	A	rs113542380
2	43534973	G	A	rs77972916
2	58669401	T	A	rs6745423
2	58801703	AT	A	rs36062100
2	65406750	A	G	rs2576923
2	66429270	T	C	rs11126078
2	68735005	G	A	rs10048745
2	68742772	A	G	rs7608597
2	78425864	T	A	rs555177808
3	101272702	G	T	rs3773920
3	101356312	AAG	A	rs147884157
3	101417558	G	C	rs9859077
3	101435231	TA	T	rs34513360
3	101601406	A	G	rs6763728
3	114855180	G	T	rs12695310
3	128463231	G	A	rs2981026
3	128480537	G	A	rs3803
3	128484651	AT	A	rs11356859
3	128486108	C	T	rs2335052
3	128605318	G	A	rs1962040
3	128637371	C	T	rs17255991
3	128661938	G	A	rs9844706
3	128714248	G	A	rs114928116
3	138848952	G	A	rs9873179
3	150287063	C	G	rs6440667
3	150301093	A	AT	rs59633341
3	150302498	T	TC	rs11450352
3	150312640	T	C	rs4681606
3	150322966	A	C	rs180716940
3	150355135	G	A	rs1450342
3	150557709	TA	T	rs66698123
3	150574432	C	T	rs114581952
3	150650034	T	A	rs1879808
3	160339931	G	A	rs17826149
3	160412322	G	A	rs2305407
3	160412804	T	TTATC	rs10673842
3	160558751	CT	C	rs79683816
3	160566948	C	T	rs74676712
3	169142222	G	A	rs2859868
3	183913753	G	A	rs12638772
3	183998821	G	T	rs6773408
3	24301839	T	C	rs1505307
3	47046347	T	A	rs13063578
3	47313413	A	G	rs115595028
3	47548996	C	T	rs77845220
3	47557173	G	A	rs11130138
3	48320208	G	C	rs180963646
3	48449988	A	G	rs72556577
3	48466268	T	C	rs3135941
3	48601368	C	T	rs62618742
3	49709137	T	C	rs112017743
3	49714067	G	A	rs78230571
3	71711724	C	T	rs2029011
3	9728081	T	A	rs56357590
4	102502169	G	T	rs2272676
4	104884951	A	T	rs144317085
4	115505085	T	C	rs11944036
4	120123727	C	T	rs35506825
4	120702211	C	T	rs7437685
4	121950310	T	C	rs1396081
4	158729532	T	C	rs58704155
4	29136270	G	T	rs56321447
4	54542708	A	T	rs218264
4	54673918	T	C	rs144589280
4	7042653	C	T	rs871134
4	7056464	T	C	rs1043704
4	87136201	G	A	rs1408
5	10680885	G	A	rs5745297
5	10704685	T	C	rs2918392
5	1097331	G	A	rs4975592
5	1109199	G	C	rs4458624
5	1110682	T	C	rs6864465
5	111726150	T	G	rs56116444
5	1228120	CT	C	rs59438556
5	1249701	C	T	rs112333466
5	1267766	C	G	rs35812074
5	1276758	G	A	rs56345976
5	1278469	C	T	rs2075785
5	1280362	G	A	rs13167280
5	1285859	C	A	rs7705526
5	1287079	G	A	rs2853677
5	1288432	T	C	rs2853676
5	1293971	C	T	rs2736098
5	1296643	T	C	rs33987166
5	1298618	A	C	rs13190087
5	1300195	G	T	rs4975612
5	1302587	G	T	rs78340245
5	1303752	CT	C	rs543796723
5	1312214	C	T	rs35953391
5	1317366	A	G	rs13170453
5	135386511	G	A	rs3756364
5	1361773	T	C	rs27919
5	136312536	C	T	rs2161382
5	1366259	G	A	rs62329730
5	1372402	G	C	rs2086132
5	142143435	C	T	rs1062158
5	169588475	G	A	rs116483731
5	175685967	C	T	rs138212656
5	720334	A	G	rs149538006
6	108994796	A	G	rs9486985
6	109230546	T	C	rs7742427
6	109268801	A	G	rs9487023
6	109272089	A	G	rs7753697
6	109275349	C	T	rs72940976
6	109281587	G	A	rs13204927
6	109295217	T	C	rs9374080
6	109321472	G	A	rs2356817
6	109333018	A	G	rs12524502
6	109333969	C	A	rs72933289
6	109340727	T	C	rs1146240
6	109382480	G	C	rs2275652
6	109403951	G	A	rs13192476
6	109561788	G	T	rs12216333
6	109598925	GT	G	rs538044110
6	109670769	C	T	rs147298113
6	109734500	AC	A	rs143007013
6	109844080	C	T	rs4947025
6	135097497	C	T	rs7775698
6	135098493	A	G	rs9389268
6	135100038	C	T	rs34164109
6	135204789	T	C	rs9389278
6	148646252	C	T	rs4897025
6	15385050	G	T	rs6924733
6	15399883	A	G	rs2237154
6	156092263	C	T	rs56092281
6	156655411	G	A	rs6939093
6	163963187	G	A	rs9456909
6	164057356	C	A	rs381500
6	164070630	C	T	rs10945949
6	164096471	A	G	rs9458981
6	164105762	A	G	rs67993875
6	164107587	C	A	rs206704
6	164119105	A	C	rs9458995
6	29881710	C	T	rs2523810
6	30096785	A	G	rs9261394
6	30152860	T	C	rs9468693
6	31024947	T	C	rs1632865
6	31044708	C	T	rs9262570
6	31160552	G	A	rs9263789
6	31261502	G	A	rs9264393
6	31279981	T	C	rs2853944
6	31338442	C	T	rs9265773
6	31597607	A	G	rs35266973
6	31949763	T	C	rs4151657
6	32123986	C	T	rs71565307
6	32194075	G	A	rs204989
6	34690788	A	AGTTTT	rs59136961
6	42018535	A	C	rs4714550
6	42024541	G	C	rs62415869
6	42034034	G	T	rs77028264
6	42044421	C	T	rs4554318
6	42045311	T	C	rs6942118
6	42055880	A	ATAC	rs142602868
6	43388113	A	G	rs2396004
6	43725357	G	T	rs11965885
7	106378556	T	C	rs59322752
7	117679134	A	G	rs34137539
7	135592878	C	G	rs11772654
7	135605106	G	A	rs6959832
7	135658168	G	T	rs10279223
7	135658827	A	C	rs73721664
7	135664525	A	T	rs6467603
7	139041601	C	G	rs7800079
7	149728781	T	C	rs17171280
7	158748562	C	A	rs1201424
7	1936821	C	T	rs1801368
7	2099126	G	A	rs3800901
7	27161236	C	G	rs875897
7	27165034	C	T	rs147261225
7	27165113	C	A	rs35355140
7	44864065	A	G	rs11762008
7	50218107	T	A	rs11769630
7	50238989	A	C	rs12669163
7	50304481	T	A	rs11765436
7	93016466	G	A	rs11766251
7	99970235	TTTTTTTG	T	rs59340776
8	129563195	T	C	rs7817503
8	129600796	G	A	rs2395903
8	23532058	T	C	rs11781222
8	30421839	T	C	rs6468341
8	94954676	CT	C	rs34624977
9	111906493	G	A	rs112923611
9	111942985	G	A	rs7046626
9	132980381	C	T	rs685783
9	132994743	C	G	rs621940
9	1915115	C	A	rs7859374
9	5023604	A	C	rs7043489
9	5263127	C	T	rs75589511
9	674428	A	G	rs4742217
X	119471614	G	A	rs372646
X	24286019	T	C	rs187227965
X	55335504	C	T	rs11091412
X	56343204	G	A	rs6521410
X	57871002	T	G	rs5946788
X	58223574	T	C	rs5989014
X	58259796	G	A	rs6611664
